[{"model": "football.user", "pk": 1, "fields": {"password": "pbkdf2_sha256$260000$irfzTaPu4eFNULs3n21pOr$bIzLRdBUW6ncCV7kzrOL//3a22Jj0wXgZpuKvcJQtm4=", "last_login": "2022-01-27T16:27:23.886Z", "is_superuser": false, "username": "RedDev", "first_name": "", "last_name": "", "email": "reddev@manutd.com", "is_staff": false, "is_active": true, "date_joined": "2022-01-03T04:08:46.811Z", "groups": [], "user_permissions": []}}, {"model": "football.user", "pk": 2, "fields": {"password": "pbkdf2_sha256$260000$rHkOVuDEyp5MvfFfLqnT2W$pYXthbCnC5sShEwzhmluh9EcUW4IWX0DCkqzHlXVPeo=", "last_login": "2022-01-30T15:22:35.503Z", "is_superuser": true, "username": "superuser", "first_name": "", "last_name": "", "email": "superuser@superuser.com", "is_staff": true, "is_active": true, "date_joined": "2022-01-10T14:03:19.496Z", "groups": [], "user_permissions": []}}, {"model": "football.user", "pk": 3, "fields": {"password": "pbkdf2_sha256$260000$jK2YDHwaISwsmuJbSKOIGw$ndZ3iuLQExjXSu6z9gcD9PoUDhbIJA0wZtJhaq/KKIA=", "last_login": "2022-01-23T13:21:39.510Z", "is_superuser": false, "username": "gunner01", "first_name": "", "last_name": "", "email": "gunner01@gunner.com", "is_staff": false, "is_active": true, "date_joined": "2022-01-23T13:21:39.297Z", "groups": [], "user_permissions": []}}, {"model": "football.user", "pk": 4, "fields": {"password": "pbkdf2_sha256$260000$qJYezq63Qp4mWyTOIkiETL$XUb5uU6tYgRKNAahvkKNUMhy3YqdMx4M/Fq+QXfeaWs=", "last_login": "2022-01-29T01:43:54.354Z", "is_superuser": false, "username": "plfan", "first_name": "", "last_name": "", "email": "plfan@pl", "is_staff": false, "is_active": true, "date_joined": "2022-01-29T01:43:54.152Z", "groups": [], "user_permissions": []}}, {"model": "football.user", "pk": 5, "fields": {"password": "pbkdf2_sha256$260000$AizDRvbDKl6u76BExAj6Q0$NiuWXUNL0vbe6l2r+6DLBBkbszGtbkRm04pH0l5Ecis=", "last_login": "2022-01-30T07:28:08.679Z", "is_superuser": false, "username": "manutd1", "first_name": "", "last_name": "", "email": "manutd1@manutd.com", "is_staff": false, "is_active": true, "date_joined": "2022-01-30T07:28:08.462Z", "groups": [], "user_permissions": []}}, {"model": "football.user", "pk": 6, "fields": {"password": "pbkdf2_sha256$260000$VY9p6JBG7ZdPHqnGxVpN4L$d3JeTSFOo4bHtdp5162PZfe/3Hmheodq+ZuDYqZe8EQ=", "last_login": "2022-01-30T07:29:14.368Z", "is_superuser": false, "username": "premier", "first_name": "", "last_name": "", "email": "premier@pl.com", "is_staff": false, "is_active": true, "date_joined": "2022-01-30T07:29:14.178Z", "groups": [], "user_permissions": []}}, {"model": "football.user", "pk": 7, "fields": {"password": "pbkdf2_sha256$260000$ahuSqSEFLyDU3maH6S2iwf$axUCE3/w5IWxgGBRrd9UI2UJb5uuPTV99l6bJZkBrGI=", "last_login": "2022-01-30T12:50:19.836Z", "is_superuser": false, "username": "testing1", "first_name": "", "last_name": "", "email": "test@test.com", "is_staff": false, "is_active": true, "date_joined": "2022-01-30T12:50:19.626Z", "groups": [], "user_permissions": []}}, {"model": "football.user", "pk": 8, "fields": {"password": "pbkdf2_sha256$260000$MqISnAnNw3P3mehVPcdQIp$huT3h9lvPl1pg8Q7rkPbs3QomT7Cb+nzLVQZgKOVb1E=", "last_login": "2022-01-30T12:55:09.038Z", "is_superuser": false, "username": "test", "first_name": "", "last_name": "", "email": "testing@testing.com", "is_staff": false, "is_active": true, "date_joined": "2022-01-30T12:54:58.251Z", "groups": [], "user_permissions": []}}, {"model": "football.user", "pk": 11, "fields": {"password": "pbkdf2_sha256$260000$dcn90vLjTVAktc5qifcnrQ$cqWdIxfKNaoIVBPIQReF8kNmWgK4JzyyjJyE+J1Mew8=", "last_login": "2022-01-30T15:24:28.273Z", "is_superuser": false, "username": "user1", "first_name": "", "last_name": "", "email": "user@user.com", "is_staff": false, "is_active": true, "date_joined": "2022-01-30T15:24:19.628Z", "groups": [], "user_permissions": []}}, {"model": "football.user", "pk": 12, "fields": {"password": "pbkdf2_sha256$260000$eIFD0qgQijK4GRh4v0CjMy$6zzGoxMEfo1neayAL8u/KwpmYp/IT2cQNcMYiKtAMqI=", "last_login": "2022-06-11T15:20:47.107Z", "is_superuser": false, "username": "testing55", "first_name": "", "last_name": "", "email": "testing55@test.com", "is_staff": false, "is_active": true, "date_joined": "2022-06-11T15:20:46.970Z", "groups": [], "user_permissions": []}}, {"model": "football.thread", "pk": 1, "fields": {"op": 2, "topic": "Testing", "content": "some contnet", "forum": "GEN", "time": "2022-01-17T15:09:18.139Z", "slug": "testing", "upvote": [4], "downvote": [2]}}, {"model": "football.thread", "pk": 2, "fields": {"op": 2, "topic": "another one", "content": "testing", "forum": "GEN", "time": "2022-01-19T15:15:00.473Z", "slug": "another-one", "upvote": [2], "downvote": []}}, {"model": "football.thread", "pk": 4, "fields": {"op": 2, "topic": "testing1", "content": "1", "forum": "GEN", "time": "2022-01-19T15:31:43.123Z", "slug": "testing1", "upvote": [], "downvote": []}}, {"model": "football.thread", "pk": 5, "fields": {"op": 2, "topic": "testing2", "content": "2", "forum": "GEN", "time": "2022-01-19T15:32:19.648Z", "slug": "testing2", "upvote": [], "downvote": []}}, {"model": "football.thread", "pk": 6, "fields": {"op": 2, "topic": "testing3", "content": "3", "forum": "GEN", "time": "2022-01-19T15:35:14.623Z", "slug": "testing3", "upvote": [], "downvote": []}}, {"model": "football.thread", "pk": 8, "fields": {"op": 2, "topic": "test5", "content": "testing5", "forum": "GEN", "time": "2022-01-19T15:41:48.928Z", "slug": "test5", "upvote": [], "downvote": []}}, {"model": "football.thread", "pk": 11, "fields": {"op": 2, "topic": "testing5", "content": "testing5", "forum": "GEN", "time": "2022-01-19T15:43:07.266Z", "slug": "testing5", "upvote": [], "downvote": []}}, {"model": "football.thread", "pk": 12, "fields": {"op": 2, "topic": "Brentford (away)", "content": "Any predictions guys?", "forum": "MUN", "time": "2022-01-19T15:43:55.400Z", "slug": "brentford-away", "upvote": [], "downvote": []}}, {"model": "football.thread", "pk": 13, "fields": {"op": 2, "topic": "url test", "content": "url", "forum": "GEN", "time": "2022-01-21T15:36:25.699Z", "slug": "url-test", "upvote": [], "downvote": []}}, {"model": "football.thread", "pk": 15, "fields": {"op": 2, "topic": "url test 3", "content": "5", "forum": "GEN", "time": "2022-01-22T08:46:02.178Z", "slug": "url-test-3", "upvote": [], "downvote": []}}, {"model": "football.thread", "pk": 17, "fields": {"op": 2, "topic": "test url", "content": "t", "forum": "GEN", "time": "2022-01-22T08:59:19.272Z", "slug": "test-url", "upvote": [], "downvote": []}}, {"model": "football.thread", "pk": 18, "fields": {"op": 2, "topic": "another test", "content": "testing", "forum": "GEN", "time": "2022-01-22T09:11:44.629Z", "slug": "another-test", "upvote": [], "downvote": []}}, {"model": "football.thread", "pk": 19, "fields": {"op": 2, "topic": "Man United vs West Ham", "content": "discussion thread", "forum": "MUN", "time": "2022-01-22T09:12:21.377Z", "slug": "man-united-vs-west-ham", "upvote": [2, 6, 7], "downvote": []}}, {"model": "football.thread", "pk": 20, "fields": {"op": 3, "topic": "Arsenal vs Burnley", "content": "Discussion thread", "forum": "ARS", "time": "2022-01-23T13:22:29.833Z", "slug": "arsenal-vs-burnley", "upvote": [2], "downvote": []}}, {"model": "football.thread", "pk": 21, "fields": {"op": 1, "topic": "Pagination test", "content": "testing", "forum": "GEN", "time": "2022-01-24T16:09:59.311Z", "slug": "pagination-test", "upvote": [], "downvote": []}}, {"model": "football.thread", "pk": 22, "fields": {"op": 4, "topic": "new topic", "content": "test\r\n1\r\n\r\n2\r\n\r\na", "forum": "GEN", "time": "2022-01-29T11:38:35.590Z", "slug": "new-topic", "upvote": [], "downvote": []}}, {"model": "football.thread", "pk": 23, "fields": {"op": 4, "topic": "new topic2", "content": "1\r<br>\r<br>2\r<br>3", "forum": "GEN", "time": "2022-01-29T11:42:59.923Z", "slug": "new-topic2", "upvote": [], "downvote": []}}, {"model": "football.thread", "pk": 24, "fields": {"op": 2, "topic": "time", "content": "time  \n1  \n2  \n3\n\n", "forum": "GEN", "time": "2022-01-30T01:57:48.127Z", "slug": "time", "upvote": [], "downvote": []}}, {"model": "football.thread", "pk": 25, "fields": {"op": 5, "topic": "De Gea Appreciation post", "content": "back to his best!\n\n", "forum": "MUN", "time": "2022-01-30T07:28:30.438Z", "slug": "de-gea-appreciation-post", "upvote": [], "downvote": []}}, {"model": "football.thread", "pk": 26, "fields": {"op": 6, "topic": "top of the league", "content": "come on city!  \n!\n\n", "forum": "MCI", "time": "2022-01-30T07:29:42.019Z", "slug": "top-of-the-league", "upvote": [], "downvote": []}}, {"model": "football.thread", "pk": 27, "fields": {"op": 6, "topic": "AFTV", "content": "what do you guys make of it?  \nI miss troopz blud\n\n", "forum": "ARS", "time": "2022-01-30T07:30:14.470Z", "slug": "aftv", "upvote": [], "downvote": []}}, {"model": "football.thread", "pk": 28, "fields": {"op": 6, "topic": "Jan transfer window", "content": "Loan out:  \nAnthony Martial -> Sevilla  \nDonny Van de Beek?  \nPhil Jones?  \nAmad Diallo -> Rangers  \nJesse Lingard?\n\n", "forum": "MUN", "time": "2022-01-30T07:31:14.632Z", "slug": "jan-transfer-window", "upvote": [], "downvote": [2, 11]}}, {"model": "football.thread", "pk": 29, "fields": {"op": 6, "topic": "liverpool", "content": "LIV\n\n", "forum": "LIV", "time": "2022-01-30T07:57:16.477Z", "slug": "liverpool", "upvote": [], "downvote": []}}, {"model": "football.thread", "pk": 30, "fields": {"op": 6, "topic": "The Blues", "content": "The Blues\n\n", "forum": "CHE", "time": "2022-01-30T07:57:49.019Z", "slug": "the-blues", "upvote": [], "downvote": []}}, {"model": "football.thread", "pk": 31, "fields": {"op": 6, "topic": "COYS", "content": "COYS\n\n", "forum": "TOT", "time": "2022-01-30T07:57:59.264Z", "slug": "coys", "upvote": [], "downvote": []}}, {"model": "football.thread", "pk": 33, "fields": {"op": 11, "topic": "Season prediction", "content": "Where will we finish this season?\n\n", "forum": "MUN", "time": "2022-01-30T15:26:21.373Z", "slug": "season-prediction", "upvote": [], "downvote": []}}, {"model": "football.thread", "pk": 34, "fields": {"op": 12, "topic": "Erik Ten Hag", "content": "New Era  \nAll hope on this man\n\n", "forum": "MUN", "time": "2022-06-11T15:23:02.426Z", "slug": "erik-ten-hag", "upvote": [], "downvote": []}}, {"model": "football.reply", "pk": 1, "fields": {"poster": 1, "thread": 19, "content": "93 min winner!!!!", "time": "2022-01-23T01:32:29.068Z", "upvote": [2, 6, 8], "downvote": []}}, {"model": "football.reply", "pk": 2, "fields": {"poster": 1, "thread": 19, "content": "thought it was offside though...", "time": "2022-01-23T01:32:59.390Z", "upvote": [], "downvote": [8]}}, {"model": "football.reply", "pk": 3, "fields": {"poster": 2, "thread": 19, "content": "some reply", "time": "2022-01-23T02:06:32.136Z", "upvote": [], "downvote": [2]}}, {"model": "football.reply", "pk": 4, "fields": {"poster": 3, "thread": 1, "content": "reply test", "time": "2022-01-23T13:24:18.130Z", "upvote": [], "downvote": [2, 4]}}, {"model": "football.reply", "pk": 5, "fields": {"poster": 2, "thread": 20, "content": "0-0", "time": "2022-01-24T15:34:13.794Z", "upvote": [], "downvote": []}}, {"model": "football.reply", "pk": 6, "fields": {"poster": 2, "thread": 1, "content": "test", "time": "2022-01-24T15:36:17.576Z", "upvote": [], "downvote": []}}, {"model": "football.reply", "pk": 7, "fields": {"poster": 2, "thread": 1, "content": "p", "time": "2022-01-24T16:07:45.287Z", "upvote": [], "downvote": []}}, {"model": "football.reply", "pk": 8, "fields": {"poster": 1, "thread": 1, "content": "pagination test", "time": "2022-01-24T16:08:46.144Z", "upvote": [4], "downvote": [2]}}, {"model": "football.reply", "pk": 9, "fields": {"poster": 1, "thread": 1, "content": "testing", "time": "2022-01-24T16:08:55.515Z", "upvote": [], "downvote": []}}, {"model": "football.reply", "pk": 10, "fields": {"poster": 1, "thread": 1, "content": "testing", "time": "2022-01-24T16:08:57.796Z", "upvote": [2, 4], "downvote": []}}, {"model": "football.reply", "pk": 11, "fields": {"poster": 1, "thread": 1, "content": "testing", "time": "2022-01-24T16:09:00.398Z", "upvote": [], "downvote": []}}, {"model": "football.reply", "pk": 12, "fields": {"poster": 1, "thread": 1, "content": "9", "time": "2022-01-24T16:09:14.302Z", "upvote": [], "downvote": []}}, {"model": "football.reply", "pk": 13, "fields": {"poster": 1, "thread": 1, "content": "10", "time": "2022-01-24T16:09:18.726Z", "upvote": [], "downvote": []}}, {"model": "football.reply", "pk": 14, "fields": {"poster": 2, "thread": 21, "content": "1", "time": "2022-01-24T16:10:21.670Z", "upvote": [], "downvote": []}}, {"model": "football.reply", "pk": 15, "fields": {"poster": 2, "thread": 21, "content": "2", "time": "2022-01-24T16:10:23.301Z", "upvote": [], "downvote": []}}, {"model": "football.reply", "pk": 16, "fields": {"poster": 2, "thread": 21, "content": "3", "time": "2022-01-24T16:10:25.115Z", "upvote": [], "downvote": []}}, {"model": "football.reply", "pk": 17, "fields": {"poster": 2, "thread": 21, "content": "4", "time": "2022-01-24T16:10:27.269Z", "upvote": [], "downvote": []}}, {"model": "football.reply", "pk": 18, "fields": {"poster": 2, "thread": 21, "content": "5", "time": "2022-01-24T16:10:29.568Z", "upvote": [], "downvote": []}}, {"model": "football.reply", "pk": 19, "fields": {"poster": 2, "thread": 21, "content": "6", "time": "2022-01-24T16:10:33.647Z", "upvote": [], "downvote": []}}, {"model": "football.reply", "pk": 20, "fields": {"poster": 2, "thread": 21, "content": "7", "time": "2022-01-24T16:10:36.948Z", "upvote": [], "downvote": []}}, {"model": "football.reply", "pk": 21, "fields": {"poster": 2, "thread": 21, "content": "8", "time": "2022-01-24T16:10:40.268Z", "upvote": [], "downvote": []}}, {"model": "football.reply", "pk": 22, "fields": {"poster": 2, "thread": 21, "content": "9", "time": "2022-01-24T16:10:43.238Z", "upvote": [], "downvote": []}}, {"model": "football.reply", "pk": 23, "fields": {"poster": 4, "thread": 1, "content": "long replylong replylong replylong replylong replylong replylong replylong replylong replylong replylong replylong replylong replylong replylong replylong replylong replylong replylong replylong replylong replylong replylong replylong replylong replylong replylong replylong replylong replylong replylong replylong replylong replylong replylong replylong replylong replylong reply", "time": "2022-01-29T01:52:23.499Z", "upvote": [], "downvote": []}}, {"model": "football.reply", "pk": 24, "fields": {"poster": 4, "thread": 1, "content": "<blockquote>some contnet</blockquote>", "time": "2022-01-29T02:33:22.979Z", "upvote": [], "downvote": []}}, {"model": "football.reply", "pk": 25, "fields": {"poster": 4, "thread": 1, "content": "quote test", "time": "2022-01-29T03:47:57.542Z", "upvote": [], "downvote": []}}, {"model": "football.reply", "pk": 26, "fields": {"poster": 4, "thread": 1, "content": "quote test2", "time": "2022-01-29T03:48:53.735Z", "upvote": [], "downvote": []}}, {"model": "football.reply", "pk": 27, "fields": {"poster": 4, "thread": 1, "content": "testing", "time": "2022-01-29T03:49:22.668Z", "upvote": [], "downvote": []}}, {"model": "football.reply", "pk": 28, "fields": {"poster": 4, "thread": 1, "content": "> testing\n\n", "time": "2022-01-29T03:50:30.963Z", "upvote": [], "downvote": []}}, {"model": "football.reply", "pk": 29, "fields": {"poster": 4, "thread": 1, "content": "> quote test2\n\ntesting\n\n", "time": "2022-01-29T11:14:38.841Z", "upvote": [], "downvote": []}}, {"model": "football.reply", "pk": 30, "fields": {"poster": 4, "thread": 1, "content": "test1 test2\n\n", "time": "2022-01-29T11:14:48.147Z", "upvote": [], "downvote": []}}, {"model": "football.reply", "pk": 31, "fields": {"poster": 4, "thread": 1, "content": "> RedDev said: 10\n\ntesting\n\n", "time": "2022-01-29T11:16:42.974Z", "upvote": [], "downvote": []}}, {"model": "football.reply", "pk": 32, "fields": {"poster": 4, "thread": 21, "content": "> superuser said: 9\n\na b c\n\n", "time": "2022-01-29T11:30:24.679Z", "upvote": [], "downvote": []}}, {"model": "football.reply", "pk": 33, "fields": {"poster": 4, "thread": 23, "content": "1 2 3\n\n", "time": "2022-01-29T11:43:21.594Z", "upvote": [], "downvote": []}}, {"model": "football.reply", "pk": 34, "fields": {"poster": 4, "thread": 23, "content": "> plfan said: 1 2 3  \n>  \n>\n\n  \n  \n1  \n  \n2  \n  \n3  \n4  \n  \n5\n\n", "time": "2022-01-29T11:45:14.445Z", "upvote": [], "downvote": []}}, {"model": "football.reply", "pk": 35, "fields": {"poster": 4, "thread": 23, "content": "1  \n2  \n3\n\n", "time": "2022-01-29T11:46:08.537Z", "upvote": [], "downvote": []}}, {"model": "football.reply", "pk": 36, "fields": {"poster": 4, "thread": 23, "content": "a b c\n\n", "time": "2022-01-29T12:15:34.905Z", "upvote": [], "downvote": []}}, {"model": "football.reply", "pk": 37, "fields": {"poster": 4, "thread": 23, "content": "a  \nb  \n  \nc\n\n", "time": "2022-01-29T12:15:50.825Z", "upvote": [], "downvote": []}}, {"model": "football.reply", "pk": 38, "fields": {"poster": 4, "thread": 23, "content": "man utd  \nman city\n\n", "time": "2022-01-29T12:16:47.663Z", "upvote": [], "downvote": []}}, {"model": "football.reply", "pk": 39, "fields": {"poster": 4, "thread": 23, "content": "2011  \n2012  \n2013  \n  \n2014  \n2015\n\n", "time": "2022-01-29T12:23:40.420Z", "upvote": [], "downvote": []}}, {"model": "football.reply", "pk": 40, "fields": {"poster": 4, "thread": 23, "content": "> plfan said:\n\n  \n  \n?  \n  \n?\n\n", "time": "2022-01-29T12:28:00.890Z", "upvote": [], "downvote": []}}, {"model": "football.reply", "pk": 41, "fields": {"poster": 4, "thread": 23, "content": "> plfan said: man utd  \n> man city  \n>  \n>\n\n  \n  \nlinebreak  \n1\n\n", "time": "2022-01-29T12:29:07.513Z", "upvote": [], "downvote": []}}, {"model": "football.reply", "pk": 42, "fields": {"poster": 4, "thread": 23, "content": "> plfan said: 1  \n> 2  \n> 3  \n>  \n>\n\n  \n  \n4  \n5  \n  \n6\n\n", "time": "2022-01-29T12:30:14.728Z", "upvote": [], "downvote": []}}, {"model": "football.reply", "pk": 43, "fields": {"poster": 4, "thread": 23, "content": "> plfan said:  \n> 1 2 3  \n>  \n>\n\n  \n4  \n5  \n  \n6\n\n", "time": "2022-01-29T12:30:35.816Z", "upvote": [], "downvote": []}}, {"model": "football.reply", "pk": 44, "fields": {"poster": 4, "thread": 23, "content": "> plfan said:  \n> 1  \n> 2  \n> 3  \n>  \n>\n\n  \n5  \n  \n1234\n\n", "time": "2022-01-29T12:30:53.934Z", "upvote": [], "downvote": []}}, {"model": "football.reply", "pk": 45, "fields": {"poster": 4, "thread": 23, "content": "> plfan said:  \n> 1 2 3  \n>  \n>\n\n  \n  \n5555  \n  \n555\n\n", "time": "2022-01-29T12:31:53.640Z", "upvote": [], "downvote": []}}, {"model": "football.reply", "pk": 46, "fields": {"poster": 4, "thread": 23, "content": "> plfan said:  \n> > plfan said:  \n> > 1 2 3  \n> >  \n> >  \n>  \n>  \n>  \n> 5555  \n>  \n> 555  \n>  \n>\n\n  \n1\n\n", "time": "2022-01-29T12:33:02.630Z", "upvote": [], "downvote": []}}, {"model": "football.reply", "pk": 47, "fields": {"poster": 4, "thread": 23, "content": "> plfan said:  \n> 1 2 3  \n>  \n>\n\n  \n1  \n2  \n3\n\n", "time": "2022-01-29T12:34:44.930Z", "upvote": [], "downvote": []}}, {"model": "football.reply", "pk": 48, "fields": {"poster": 4, "thread": 6, "content": "> said:  \n> 3\n\n  \ntest  \n5  \n5  \n  \n5\n\n", "time": "2022-01-29T12:37:33.528Z", "upvote": [], "downvote": []}}, {"model": "football.reply", "pk": 49, "fields": {"poster": 4, "thread": 6, "content": "> said:  \n> 3\n\n  \n12  \n3  \n4  \n5\n\n", "time": "2022-01-29T12:38:28.739Z", "upvote": [], "downvote": []}}, {"model": "football.reply", "pk": 50, "fields": {"poster": 4, "thread": 21, "content": "> RedDev said:  \n> testing\n\n  \n1  \n2  \n3\n\n", "time": "2022-01-29T12:39:39.165Z", "upvote": [], "downvote": []}}, {"model": "football.reply", "pk": 51, "fields": {"poster": 4, "thread": 21, "content": "> plfan said:  \n> > RedDev said:  \n> > testing  \n>  \n>  \n> 1  \n> 2  \n> 3  \n>  \n>\n\n  \n  \nabc\n\n", "time": "2022-01-29T12:41:54.584Z", "upvote": [], "downvote": []}}, {"model": "football.reply", "pk": 52, "fields": {"poster": 4, "thread": 21, "content": "superuser said:  \n5  \nItsuki\n\n", "time": "2022-01-29T12:45:55.997Z", "upvote": [], "downvote": []}}, {"model": "football.reply", "pk": 53, "fields": {"poster": 4, "thread": 21, "content": "superuser said:  \n5  \nItsuki\n\n", "time": "2022-01-29T12:46:53.700Z", "upvote": [], "downvote": []}}, {"model": "football.reply", "pk": 54, "fields": {"poster": 4, "thread": 21, "content": "superuser said:  \n5  \nItsuki\n\n", "time": "2022-01-29T12:54:44.053Z", "upvote": [], "downvote": []}}, {"model": "football.reply", "pk": 55, "fields": {"poster": 4, "thread": 21, "content": "superuser said:  \n5  \nItsuki\n\n", "time": "2022-01-29T12:55:11.671Z", "upvote": [], "downvote": []}}, {"model": "football.reply", "pk": 56, "fields": {"poster": 4, "thread": 21, "content": "> plfan said:  \n> superuser said:  \n> 5  \n> Itsuki  \n>  \n>\n\n  \n  \nquote\n\n", "time": "2022-01-29T13:25:43.197Z", "upvote": [], "downvote": []}}, {"model": "football.reply", "pk": 57, "fields": {"poster": 4, "thread": 21, "content": "['\n\n> superuser said:  \n> 1\n\n\\r', '1']\n\n", "time": "2022-01-29T13:38:09.850Z", "upvote": [], "downvote": []}}, {"model": "football.reply", "pk": 58, "fields": {"poster": 4, "thread": 21, "content": "> superuser said:  \n> 5\n\n5\n\n", "time": "2022-01-29T13:41:56.129Z", "upvote": [], "downvote": []}}, {"model": "football.reply", "pk": 59, "fields": {"poster": 4, "thread": 21, "content": "<blockquote>superuser said: <br>1</blockquote>\r1", "time": "2022-01-29T13:43:45.042Z", "upvote": [], "downvote": []}}, {"model": "football.reply", "pk": 60, "fields": {"poster": 4, "thread": 21, "content": "<blockquote>superuser said: \n1</blockquote>\r1", "time": "2022-01-29T13:44:23.277Z", "upvote": [], "downvote": []}}, {"model": "football.reply", "pk": 61, "fields": {"poster": 4, "thread": 21, "content": "> superuser said:  \n> 5\n\nItsuki\n\n", "time": "2022-01-29T13:51:40.508Z", "upvote": [], "downvote": []}}, {"model": "football.reply", "pk": 62, "fields": {"poster": 4, "thread": 21, "content": "5 5 5 5 5\n\n", "time": "2022-01-29T14:01:19.881Z", "upvote": [], "downvote": []}}, {"model": "football.reply", "pk": 63, "fields": {"poster": 4, "thread": 21, "content": "5 5 5 5 5\n\n", "time": "2022-01-29T14:01:50.339Z", "upvote": [], "downvote": []}}, {"model": "football.reply", "pk": 64, "fields": {"poster": 4, "thread": 21, "content": "5 5 5 5 5\n\n", "time": "2022-01-29T14:02:17.042Z", "upvote": [], "downvote": []}}, {"model": "football.reply", "pk": 65, "fields": {"poster": 4, "thread": 21, "content": "5  \n5  \n5  \n5  \n5\n\n", "time": "2022-01-29T14:04:49.412Z", "upvote": [], "downvote": []}}, {"model": "football.reply", "pk": 66, "fields": {"poster": 4, "thread": 21, "content": "> plfan said:  \n> 5 5 5 5 5  \n>  \n>\n\n  \n5  \n5  \n5  \n5  \n5\n\n", "time": "2022-01-29T14:08:23.960Z", "upvote": [], "downvote": []}}, {"model": "football.reply", "pk": 67, "fields": {"poster": 4, "thread": 21, "content": "> plfan said:  \n> 5 5 5 5 5  \n>  \n>\n\n5 5 5 5 5\n\n", "time": "2022-01-29T14:09:01.194Z", "upvote": [], "downvote": []}}, {"model": "football.reply", "pk": 68, "fields": {"poster": 4, "thread": 21, "content": "> plfan said:  \n> 5 5 5 5 5  \n>  \n>\n\n5\n\n", "time": "2022-01-29T14:12:08.120Z", "upvote": [], "downvote": []}}, {"model": "football.reply", "pk": 69, "fields": {"poster": 4, "thread": 21, "content": "> plfan said: 5 5 5 5 5\n\n5 5\n\n", "time": "2022-01-29T14:13:14.438Z", "upvote": [], "downvote": []}}, {"model": "football.reply", "pk": 70, "fields": {"poster": 4, "thread": 21, "content": "> plfan said: 5 5 5 5 5\n\n5 5\n\n", "time": "2022-01-29T14:14:03.104Z", "upvote": [], "downvote": []}}, {"model": "football.reply", "pk": 71, "fields": {"poster": 4, "thread": 21, "content": "> superuser said:  \n> 9\n\n9\n\n", "time": "2022-01-29T14:14:58.424Z", "upvote": [], "downvote": []}}, {"model": "football.reply", "pk": 72, "fields": {"poster": 4, "thread": 21, "content": "> superuser said:  \n> 9\n\n999 99 9\n\n", "time": "2022-01-29T14:15:12.801Z", "upvote": [], "downvote": []}}, {"model": "football.reply", "pk": 73, "fields": {"poster": 4, "thread": 21, "content": "1  \n2  \n3\n\n", "time": "2022-01-29T14:17:07.720Z", "upvote": [], "downvote": []}}, {"model": "football.reply", "pk": 74, "fields": {"poster": 4, "thread": 21, "content": ">superuser said:  \n>\"1\"  \n  \n1  \n2  \n3\n\n", "time": "2022-01-29T14:23:53.424Z", "upvote": [], "downvote": []}}, {"model": "football.reply", "pk": 75, "fields": {"poster": 4, "thread": 21, "content": "> superuser said:  \n> 9\n\n  \n9  \n9\n\n", "time": "2022-01-29T14:26:34.523Z", "upvote": [], "downvote": []}}, {"model": "football.reply", "pk": 76, "fields": {"poster": 4, "thread": 21, "content": "> plfan said:  \n> > superuser said:  \n> > 5  \n>  \n> Itsuki  \n>  \n>\n\n  \n  \n99\n\n", "time": "2022-01-29T14:26:56.689Z", "upvote": [], "downvote": []}}, {"model": "football.reply", "pk": 77, "fields": {"poster": 4, "thread": 21, "content": "1  \n2  \n3\n\n", "time": "2022-01-29T14:27:21.441Z", "upvote": [], "downvote": []}}, {"model": "football.reply", "pk": 78, "fields": {"poster": 4, "thread": 21, "content": "> plfan said:  \n> 1  \n> 2  \n> 3  \n>  \n>\n\n  \n1  \n2  \n3\n\n", "time": "2022-01-29T14:27:30.660Z", "upvote": [], "downvote": []}}, {"model": "football.reply", "pk": 79, "fields": {"poster": 4, "thread": 21, "content": ">>superuser said:  \n>9<<  \n99\n\n", "time": "2022-01-29T14:29:33.224Z", "upvote": [], "downvote": []}}, {"model": "football.reply", "pk": 80, "fields": {"poster": 4, "thread": 21, "content": "“plfan said:  \n>>>superuser said:  \n>9<<  \n99  \n  \n”  \n  \ncomment\n\n", "time": "2022-01-29T14:31:09.055Z", "upvote": [], "downvote": []}}, {"model": "football.reply", "pk": 81, "fields": {"poster": 4, "thread": 21, "content": "“superuser said:  \n>9”  \n  \n9  \n9  \n9  \n9  \n9\n\n", "time": "2022-01-29T14:31:35.318Z", "upvote": [], "downvote": []}}, {"model": "football.reply", "pk": 82, "fields": {"poster": 4, "thread": 21, "content": "“superuser said:  \n9”  \n9  \n9  \n9  \n9  \n9\n\n", "time": "2022-01-29T14:32:17.286Z", "upvote": [], "downvote": []}}, {"model": "football.reply", "pk": 83, "fields": {"poster": 4, "thread": 21, "content": "> superuser said:  \n> 1\n\n  \n1  \n2  \n3  \n4  \n5\n\n", "time": "2022-01-29T14:33:45.116Z", "upvote": [], "downvote": []}}, {"model": "football.reply", "pk": 84, "fields": {"poster": 4, "thread": 21, "content": "> plfan said:  \n> 1  \n> 2  \n> 3  \n>  \n>\n\n  \n1  \n2  \n3\n\n", "time": "2022-01-29T14:33:58.468Z", "upvote": [], "downvote": []}}, {"model": "football.reply", "pk": 85, "fields": {"poster": 4, "thread": 21, "content": "9  \n9\n\n", "time": "2022-01-29T14:37:23.079Z", "upvote": [], "downvote": []}}, {"model": "football.reply", "pk": 86, "fields": {"poster": 4, "thread": 21, "content": "> plfan said:  \n> 9  \n> 9\n\n  \ntesting  \n1  \n2  \n3\n\n", "time": "2022-01-29T14:47:52.859Z", "upvote": [], "downvote": []}}, {"model": "football.reply", "pk": 87, "fields": {"poster": 3, "thread": 2, "content": "abc", "time": "2022-01-30T01:36:22.306Z", "upvote": [], "downvote": []}}, {"model": "football.reply", "pk": 88, "fields": {"poster": 2, "thread": 6, "content": "time  \n1\n\n", "time": "2022-01-30T01:57:32.479Z", "upvote": [], "downvote": []}}, {"model": "football.reply", "pk": 89, "fields": {"poster": 2, "thread": 2, "content": "> gunner01 said:  \n> abc\n\n  \na  \nb  \nc\n\n", "time": "2022-01-30T03:51:53.857Z", "upvote": [], "downvote": []}}, {"model": "football.reply", "pk": 90, "fields": {"poster": 7, "thread": 19, "content": "great win  \nget in!\n\n", "time": "2022-01-30T12:50:41.910Z", "upvote": [], "downvote": []}}, {"model": "football.reply", "pk": 91, "fields": {"poster": 7, "thread": 19, "content": "some reply\n\n", "time": "2022-01-30T12:50:54.192Z", "upvote": [], "downvote": []}}, {"model": "football.reply", "pk": 92, "fields": {"poster": 7, "thread": 19, "content": "some reply2\n\n", "time": "2022-01-30T12:50:58.510Z", "upvote": [], "downvote": []}}, {"model": "football.reply", "pk": 93, "fields": {"poster": 7, "thread": 19, "content": "when is the next game?\n\n", "time": "2022-01-30T12:51:08.246Z", "upvote": [], "downvote": []}}, {"model": "football.reply", "pk": 94, "fields": {"poster": 7, "thread": 19, "content": "next page\n\n", "time": "2022-01-30T12:51:34.614Z", "upvote": [], "downvote": []}}, {"model": "football.reply", "pk": 95, "fields": {"poster": 7, "thread": 19, "content": "FA cup next?\n\n", "time": "2022-01-30T12:51:55.627Z", "upvote": [], "downvote": []}}, {"model": "football.reply", "pk": 96, "fields": {"poster": 7, "thread": 19, "content": "FA cup next?\n\n", "time": "2022-01-30T12:51:58.258Z", "upvote": [], "downvote": []}}, {"model": "football.reply", "pk": 97, "fields": {"poster": 7, "thread": 19, "content": "FA cup next?\n\n", "time": "2022-01-30T12:52:03.238Z", "upvote": [], "downvote": []}}, {"model": "football.reply", "pk": 98, "fields": {"poster": 8, "thread": 19, "content": "Great Win!\n\n", "time": "2022-01-30T12:56:23.880Z", "upvote": [], "downvote": []}}, {"model": "football.reply", "pk": 99, "fields": {"poster": 8, "thread": 19, "content": "> testing1 said:  \n> FA cup next?\n\n  \nyes FA cup 4th round\n\n", "time": "2022-01-30T12:56:45.960Z", "upvote": [], "downvote": []}}, {"model": "football.reply", "pk": 100, "fields": {"poster": 2, "thread": 28, "content": "We are signing no one :(\n\n", "time": "2022-01-30T15:23:19.336Z", "upvote": [2, 11, 12], "downvote": []}}, {"model": "football.reply", "pk": 101, "fields": {"poster": 11, "thread": 28, "content": "Donny is going to Everton!\n\n", "time": "2022-01-30T15:25:43.676Z", "upvote": [], "downvote": []}}, {"model": "football.reply", "pk": 102, "fields": {"poster": 11, "thread": 28, "content": "> superuser said:  \n> We are signing no one :(\n\n  \n  \nyes that's very sad :(\n\n", "time": "2022-01-30T15:25:58.738Z", "upvote": [], "downvote": []}}, {"model": "admin.logentry", "pk": 1, "fields": {"action_time": "2022-01-17T15:09:18.140Z", "user": 2, "content_type": 7, "object_id": "1", "object_repr": "Thread object (1)", "action_flag": 1, "change_message": "[{\"added\": {}}]"}}, {"model": "admin.logentry", "pk": 2, "fields": {"action_time": "2022-01-21T15:37:39.176Z", "user": 2, "content_type": 7, "object_id": "13", "object_repr": "Thread object (13)", "action_flag": 2, "change_message": "[{\"changed\": {\"fields\": [\"Slug\"]}}]"}}, {"model": "admin.logentry", "pk": 3, "fields": {"action_time": "2022-01-22T08:44:22.516Z", "user": 2, "content_type": 7, "object_id": "14", "object_repr": "Thread object (14)", "action_flag": 3, "change_message": ""}}, {"model": "admin.logentry", "pk": 4, "fields": {"action_time": "2022-01-22T08:55:58.442Z", "user": 2, "content_type": 7, "object_id": "15", "object_repr": "Thread object (15)", "action_flag": 2, "change_message": "[{\"changed\": {\"fields\": [\"Slug\"]}}]"}}, {"model": "admin.logentry", "pk": 5, "fields": {"action_time": "2022-01-22T08:56:01.265Z", "user": 2, "content_type": 7, "object_id": "13", "object_repr": "Thread object (13)", "action_flag": 2, "change_message": "[]"}}, {"model": "admin.logentry", "pk": 6, "fields": {"action_time": "2022-01-22T08:56:06.384Z", "user": 2, "content_type": 7, "object_id": "12", "object_repr": "Thread object (12)", "action_flag": 2, "change_message": "[{\"changed\": {\"fields\": [\"Slug\"]}}]"}}, {"model": "admin.logentry", "pk": 7, "fields": {"action_time": "2022-01-22T08:56:10.295Z", "user": 2, "content_type": 7, "object_id": "11", "object_repr": "Thread object (11)", "action_flag": 2, "change_message": "[{\"changed\": {\"fields\": [\"Slug\"]}}]"}}, {"model": "admin.logentry", "pk": 8, "fields": {"action_time": "2022-01-22T08:56:18.412Z", "user": 2, "content_type": 7, "object_id": "10", "object_repr": "Thread object (10)", "action_flag": 3, "change_message": ""}}, {"model": "admin.logentry", "pk": 9, "fields": {"action_time": "2022-01-22T08:56:22.827Z", "user": 2, "content_type": 7, "object_id": "9", "object_repr": "Thread object (9)", "action_flag": 3, "change_message": ""}}, {"model": "admin.logentry", "pk": 10, "fields": {"action_time": "2022-01-22T08:56:34.906Z", "user": 2, "content_type": 7, "object_id": "8", "object_repr": "Thread object (8)", "action_flag": 2, "change_message": "[{\"changed\": {\"fields\": [\"Topic\", \"Slug\"]}}]"}}, {"model": "admin.logentry", "pk": 11, "fields": {"action_time": "2022-01-22T08:56:37.940Z", "user": 2, "content_type": 7, "object_id": "8", "object_repr": "Thread object (8)", "action_flag": 2, "change_message": "[]"}}, {"model": "admin.logentry", "pk": 12, "fields": {"action_time": "2022-01-22T08:56:43.319Z", "user": 2, "content_type": 7, "object_id": "7", "object_repr": "Thread object (7)", "action_flag": 3, "change_message": ""}}, {"model": "admin.logentry", "pk": 13, "fields": {"action_time": "2022-01-22T08:56:49.364Z", "user": 2, "content_type": 7, "object_id": "6", "object_repr": "Thread object (6)", "action_flag": 2, "change_message": "[{\"changed\": {\"fields\": [\"Slug\"]}}]"}}, {"model": "admin.logentry", "pk": 14, "fields": {"action_time": "2022-01-22T08:56:52.289Z", "user": 2, "content_type": 7, "object_id": "5", "object_repr": "Thread object (5)", "action_flag": 2, "change_message": "[{\"changed\": {\"fields\": [\"Slug\"]}}]"}}, {"model": "admin.logentry", "pk": 15, "fields": {"action_time": "2022-01-22T08:56:55.647Z", "user": 2, "content_type": 7, "object_id": "3", "object_repr": "Thread object (3)", "action_flag": 2, "change_message": "[{\"changed\": {\"fields\": [\"Slug\"]}}]"}}, {"model": "admin.logentry", "pk": 16, "fields": {"action_time": "2022-01-22T08:56:58.743Z", "user": 2, "content_type": 7, "object_id": "2", "object_repr": "Thread object (2)", "action_flag": 2, "change_message": "[{\"changed\": {\"fields\": [\"Slug\"]}}]"}}, {"model": "admin.logentry", "pk": 17, "fields": {"action_time": "2022-01-22T08:57:12.721Z", "user": 2, "content_type": 7, "object_id": "3", "object_repr": "Thread object (3)", "action_flag": 3, "change_message": ""}}, {"model": "admin.logentry", "pk": 18, "fields": {"action_time": "2022-01-22T08:57:15.894Z", "user": 2, "content_type": 7, "object_id": "1", "object_repr": "Thread object (1)", "action_flag": 2, "change_message": "[{\"changed\": {\"fields\": [\"Slug\"]}}]"}}, {"model": "admin.logentry", "pk": 19, "fields": {"action_time": "2022-01-22T08:58:03.958Z", "user": 2, "content_type": 7, "object_id": "4", "object_repr": "Thread object (4)", "action_flag": 2, "change_message": "[{\"changed\": {\"fields\": [\"Slug\"]}}]"}}, {"model": "admin.logentry", "pk": 20, "fields": {"action_time": "2022-01-22T08:59:03.311Z", "user": 2, "content_type": 7, "object_id": "16", "object_repr": "Thread object (16)", "action_flag": 3, "change_message": ""}}, {"model": "admin.logentry", "pk": 21, "fields": {"action_time": "2022-01-22T08:59:30.950Z", "user": 2, "content_type": 7, "object_id": "17", "object_repr": "Thread object (17)", "action_flag": 2, "change_message": "[{\"changed\": {\"fields\": [\"Slug\"]}}]"}}, {"model": "admin.logentry", "pk": 22, "fields": {"action_time": "2022-01-23T01:32:29.074Z", "user": 2, "content_type": 8, "object_id": "1", "object_repr": "Reply object (1)", "action_flag": 1, "change_message": "[{\"added\": {}}]"}}, {"model": "admin.logentry", "pk": 23, "fields": {"action_time": "2022-01-23T01:32:59.394Z", "user": 2, "content_type": 8, "object_id": "2", "object_repr": "Reply object (2)", "action_flag": 1, "change_message": "[{\"added\": {}}]"}}, {"model": "admin.logentry", "pk": 24, "fields": {"action_time": "2022-01-28T14:37:56.676Z", "user": 2, "content_type": 7, "object_id": "19", "object_repr": "Thread object (19)", "action_flag": 2, "change_message": "[{\"changed\": {\"fields\": [\"Upvote\"]}}]"}}, {"model": "admin.logentry", "pk": 25, "fields": {"action_time": "2022-01-30T01:36:22.309Z", "user": 2, "content_type": 8, "object_id": "87", "object_repr": "Reply object (87)", "action_flag": 1, "change_message": "[{\"added\": {}}]"}}, {"model": "admin.logentry", "pk": 26, "fields": {"action_time": "2022-01-30T15:20:23.025Z", "user": 2, "content_type": 7, "object_id": "32", "object_repr": "Thread object (32)", "action_flag": 3, "change_message": ""}}, {"model": "admin.logentry", "pk": 27, "fields": {"action_time": "2022-01-30T15:22:47.127Z", "user": 2, "content_type": 1, "object_id": "9", "object_repr": "user1", "action_flag": 3, "change_message": ""}}, {"model": "admin.logentry", "pk": 28, "fields": {"action_time": "2022-01-30T15:22:50.442Z", "user": 2, "content_type": 1, "object_id": "10", "object_repr": "user01", "action_flag": 3, "change_message": ""}}, {"model": "auth.permission", "pk": 1, "fields": {"name": "Can add user", "content_type": 1, "codename": "add_user"}}, {"model": "auth.permission", "pk": 2, "fields": {"name": "Can change user", "content_type": 1, "codename": "change_user"}}, {"model": "auth.permission", "pk": 3, "fields": {"name": "Can delete user", "content_type": 1, "codename": "delete_user"}}, {"model": "auth.permission", "pk": 4, "fields": {"name": "Can view user", "content_type": 1, "codename": "view_user"}}, {"model": "auth.permission", "pk": 5, "fields": {"name": "Can add log entry", "content_type": 2, "codename": "add_logentry"}}, {"model": "auth.permission", "pk": 6, "fields": {"name": "Can change log entry", "content_type": 2, "codename": "change_logentry"}}, {"model": "auth.permission", "pk": 7, "fields": {"name": "Can delete log entry", "content_type": 2, "codename": "delete_logentry"}}, {"model": "auth.permission", "pk": 8, "fields": {"name": "Can view log entry", "content_type": 2, "codename": "view_logentry"}}, {"model": "auth.permission", "pk": 9, "fields": {"name": "Can add permission", "content_type": 3, "codename": "add_permission"}}, {"model": "auth.permission", "pk": 10, "fields": {"name": "Can change permission", "content_type": 3, "codename": "change_permission"}}, {"model": "auth.permission", "pk": 11, "fields": {"name": "Can delete permission", "content_type": 3, "codename": "delete_permission"}}, {"model": "auth.permission", "pk": 12, "fields": {"name": "Can view permission", "content_type": 3, "codename": "view_permission"}}, {"model": "auth.permission", "pk": 13, "fields": {"name": "Can add group", "content_type": 4, "codename": "add_group"}}, {"model": "auth.permission", "pk": 14, "fields": {"name": "Can change group", "content_type": 4, "codename": "change_group"}}, {"model": "auth.permission", "pk": 15, "fields": {"name": "Can delete group", "content_type": 4, "codename": "delete_group"}}, {"model": "auth.permission", "pk": 16, "fields": {"name": "Can view group", "content_type": 4, "codename": "view_group"}}, {"model": "auth.permission", "pk": 17, "fields": {"name": "Can add content type", "content_type": 5, "codename": "add_contenttype"}}, {"model": "auth.permission", "pk": 18, "fields": {"name": "Can change content type", "content_type": 5, "codename": "change_contenttype"}}, {"model": "auth.permission", "pk": 19, "fields": {"name": "Can delete content type", "content_type": 5, "codename": "delete_contenttype"}}, {"model": "auth.permission", "pk": 20, "fields": {"name": "Can view content type", "content_type": 5, "codename": "view_contenttype"}}, {"model": "auth.permission", "pk": 21, "fields": {"name": "Can add session", "content_type": 6, "codename": "add_session"}}, {"model": "auth.permission", "pk": 22, "fields": {"name": "Can change session", "content_type": 6, "codename": "change_session"}}, {"model": "auth.permission", "pk": 23, "fields": {"name": "Can delete session", "content_type": 6, "codename": "delete_session"}}, {"model": "auth.permission", "pk": 24, "fields": {"name": "Can view session", "content_type": 6, "codename": "view_session"}}, {"model": "auth.permission", "pk": 25, "fields": {"name": "Can add thread", "content_type": 7, "codename": "add_thread"}}, {"model": "auth.permission", "pk": 26, "fields": {"name": "Can change thread", "content_type": 7, "codename": "change_thread"}}, {"model": "auth.permission", "pk": 27, "fields": {"name": "Can delete thread", "content_type": 7, "codename": "delete_thread"}}, {"model": "auth.permission", "pk": 28, "fields": {"name": "Can view thread", "content_type": 7, "codename": "view_thread"}}, {"model": "auth.permission", "pk": 29, "fields": {"name": "Can add reply", "content_type": 8, "codename": "add_reply"}}, {"model": "auth.permission", "pk": 30, "fields": {"name": "Can change reply", "content_type": 8, "codename": "change_reply"}}, {"model": "auth.permission", "pk": 31, "fields": {"name": "Can delete reply", "content_type": 8, "codename": "delete_reply"}}, {"model": "auth.permission", "pk": 32, "fields": {"name": "Can view reply", "content_type": 8, "codename": "view_reply"}}, {"model": "contenttypes.contenttype", "pk": 1, "fields": {"app_label": "football", "model": "user"}}, {"model": "contenttypes.contenttype", "pk": 2, "fields": {"app_label": "admin", "model": "logentry"}}, {"model": "contenttypes.contenttype", "pk": 3, "fields": {"app_label": "auth", "model": "permission"}}, {"model": "contenttypes.contenttype", "pk": 4, "fields": {"app_label": "auth", "model": "group"}}, {"model": "contenttypes.contenttype", "pk": 5, "fields": {"app_label": "contenttypes", "model": "contenttype"}}, {"model": "contenttypes.contenttype", "pk": 6, "fields": {"app_label": "sessions", "model": "session"}}, {"model": "contenttypes.contenttype", "pk": 7, "fields": {"app_label": "football", "model": "thread"}}, {"model": "contenttypes.contenttype", "pk": 8, "fields": {"app_label": "football", "model": "reply"}}, {"model": "sessions.session", "pk": "8wg60vdr6v1k9dc8qzp8ggb1ycfruef1", "fields": {"session_data": ".eJxVjEEOwiAQRe_C2hAoyBSX7nsGMgyDVA0kpV0Z765NutDtf-_9lwi4rSVsnZcwJ3ERTpx-t4j04LqDdMd6a5JaXZc5yl2RB-1yaomf18P9OyjYy7dWaCyRiZ7YJgZEM6gzeHCAIxirRswqJu8Hyg60I6tz1MaAQqWj1izeH-ahN5A:1nE4eA:BpQrbW3gY7Oh0sdIrU39hZDunGj5Shv4b6Nk4YwAaXo", "expire_date": "2022-02-13T07:29:14.374Z"}}, {"model": "sessions.session", "pk": "r3qu9kc7xembs28t2s7d7ee9hohvhcg1", "fields": {"session_data": ".eJxVjDsOwjAQRO_iGlnxZ_2hpOcM1nq94ABypDipEHcnkVLAlPPezFskXJea1s5zGos4C6XF6bfMSE9uOykPbPdJ0tSWecxyV-RBu7xOhV-Xw_07qNjrtuboyMQtEBSR1sAOnLFm0GEokBFtJPKZGWPwoECz4ZsyoJw1vngWny_phTde:1o02ut:uo0wCrC9CpNrfObR8Jk09X1zY71W2eYfEFqxw1IAHWY", "expire_date": "2022-06-25T15:20:47.108Z"}}]